URL,KW Primary,KW Secondary,Intent,Title,H1,Meta Description
/,automate job search,AI job application platform,BOFU,"Jobvance | Automate Your Job Search and Win Interviews","Automate Your Job Search with Jobvance","Streamline discovery, resume tailoring, and outreach with Jobvance's AI job search copilot." 
/product,AI job application software,job search automation tool,MOFU,"AI Job Application Software | Jobvance","One Workspace to Run Your Job Search","See how Jobvance unifies sourcing, tailoring, and outreach with measurable results." 
/features/resume-tailoring,AI resume tailoring,resume personalization automation,MOFU,"AI Resume Tailoring Engine | Jobvance","Tailor Every Resume in Minutes","Generate ATS-ready resumes backed by guardrails, analytics, and proof blocks." 
/features/auto-apply,automated job applications,auto apply jobs safely,MOFU,"Automated Job Applications | Jobvance","Automate Applications Without Losing Quality","Trigger smart submissions, compliance checks, and human approvals for each role." 
/features/tracking,job application tracker,AI job tracking dashboard,MOFU,"Job Application Tracker | Jobvance","Track Every Job, Contact, and Follow-Up","Centralize outreach, interviews, and analytics in a living dashboard." 
/solutions/job-seekers,job search automation for professionals,mid-career job search tools,MOFU,"Job Search Automation for Professionals","Automate Your Search Without Losing Your Voice","Build a sustainable pipeline and tailor your narrative for every conversation." 
/solutions/career-switchers,career change job search automation,cross-industry job hunt tips,MOFU,"Career Switch Automation | Jobvance","Confidently Pivot with Automated Support","Translate your experience for new industries using AI-guided workflows." 
/solutions/new-grads,new grad job automation,entry level job search platform,MOFU,"New Grad Job Search Platform | Jobvance","Launch Your Career with Smart Automation","Match to roles, build tailored resumes, and learn faster with feedback loops." 
/pricing,job search automation pricing,AI job platform cost,BOFU,"Pricing & Plans | Jobvance","Choose the Plan That Fits Your Job Search","Compare Jobvance plans for individuals, power users, and career centers." 
/case-studies,job search automation success stories,jobvance results,MOFU,"Customer Stories | Jobvance","See How Candidates Land Offers Faster","Real stories from candidates and career centers using Jobvance." 
/blog,job search automation blog,ai career tips,TOFU,"Jobvance Blog | Automation & Career Insights","Automation & Career Insights","Guides, experiments, and templates to modernize your job search." 
/guides,job search guides,ai job search academy,TOFU,"Job Search Guides & Academy | Jobvance","Level Up with Jobvance Guides","Long-form playbooks to master automated search, resumes, and outreach." 
/guides/automating-your-job-search,automate your job search guide,responsible job automation,TOFU,"The Complete Guide to Automating Your Job Search","The Complete Guide to Automating Your Job Search (Safely)","90-day roadmap to scale discovery, tailoring, outreach, and interviews with guardrails." 
/guides/ai-resume-tailoring-workflow,ai resume tailoring,custom resume automation,TOFU,"AI Resume Tailoring in 10 Minutes","How to Tailor Your Resume to Any Job in 10 Minutes with AI","Detailed system for building blocks, parsing jobs, and approving AI-personalized resumes." 
/guides/job-application-playbook,high volume job applications,quality job application process,TOFU,"High-Volume Job Application Playbook","The Practical Playbook for High-Volume, High-Quality Job Applications","Systems, cadences, and analytics to send more applications without losing quality." 
/faq,jobvance faq,job automation questions,MOFU,"Jobvance FAQ","Answers to Your Top Jobvance Questions","Learn how Jobvance automates resumes, outreach, and tracking with transparency." 
/about,about jobvance,jobvance team,E-E-A-T,"About Jobvance","We Build Tools that Respect Job Seekers","Meet the team behind Jobvance and our approach to ethical automation." 
/contact,contact jobvance,jobvance demo request,BOFU,"Contact Jobvance","Talk with the Jobvance Team","Request a live walkthrough or enterprise pilot of Jobvance." 
